{
  "n_in": 3,
  "n_out": 1,
  "hidden": 64,
  "n_layers": 2,
  "fc_hidden": 32,
  "dropout": 0.2,
  "window_len": 300,
  "window_s": 3.0,
  "loop_hz": 100,
  "input_cols": [
    "tau_res1_Nm",
    "tau_res2_Nm",
    "tau_res3_Nm"
  ],
  "target_cols": [
    "f_push_N"
  ],
  "feat_mode": "res3",
  "target_mode": "1d",
  "norm": {
    "mean_X": [
      0.009245132096111774,
      -0.9384466409683228,
      -0.0563378632068634
    ],
    "std_X": [
      0.02269391529262066,
      0.5168690085411072,
      0.0174948088824749
    ],
    "mean_y": [
      8.440794944763184
    ],
    "std_y": [
      3.842226505279541
    ]
  }
}