{
  "n_in": 9,
  "n_out": 1,
  "hidden": 64,
  "n_layers": 2,
  "fc_hidden": 32,
  "dropout": 0.2,
  "window_len": 300,
  "window_s": 3.0,
  "loop_hz": 100,
  "input_cols": [
    "tau_meas1_Nm",
    "tau_meas2_Nm",
    "tau_meas3_Nm",
    "q1_rad",
    "q2_rad",
    "q3_rad",
    "qdot1_rad_s",
    "qdot2_rad_s",
    "qdot3_rad_s"
  ],
  "target_cols": [
    "f_push_N"
  ],
  "feat_mode": "raw",
  "target_mode": "1d",
  "norm": {
    "mean_X": [
      0.009248102083802223,
      0.2999802231788635,
      0.3160081207752228,
      0.00016232809866778553,
      0.7646055817604065,
      -0.7555480003356934,
      0.004839535336941481,
      0.004828207194805145,
      -0.004342246800661087
    ],
    "std_X": [
      0.022682424634695053,
      0.508736789226532,
      0.01814897544682026,
      0.0025758694391697645,
      0.019250323995947838,
      0.01997191086411476,
      0.06204741820693016,
      0.0541846789419651,
      0.05539030581712723
    ],
    "mean_y": [
      8.440794944763184
    ],
    "std_y": [
      3.842226505279541
    ]
  }
}