{
  "n_in": 15,
  "n_out": 1,
  "hidden": 64,
  "n_layers": 2,
  "fc_hidden": 32,
  "dropout": 0.2,
  "window_len": 100,
  "window_s": 1.0,
  "loop_hz": 100,
  "input_cols": [
    "tau_meas1_Nm",
    "tau_meas2_Nm",
    "tau_meas3_Nm",
    "q1_rad",
    "q2_rad",
    "q3_rad",
    "qdot1_rad_s",
    "qdot2_rad_s",
    "qdot3_rad_s",
    "G1_Nm",
    "G2_Nm",
    "G3_Nm",
    "Cqdot1_Nm",
    "Cqdot2_Nm",
    "Cqdot3_Nm"
  ],
  "target_cols": [
    "f_push_N"
  ],
  "feat_mode": "phys",
  "target_mode": "1d",
  "norm": {
    "mean_X": [
      0.00569405872374773,
      0.6900896430015564,
      0.29897868633270264,
      0.0006367404130287468,
      0.8078758120536804,
      -0.7643213272094727,
      0.004723797552287579,
      0.004491335246711969,
      -0.005464563146233559,
      0.0,
      1.22429358959198,
      0.37146785855293274,
      -1.5893815543677192e-06,
      5.41671943210531e-05,
      -1.4972721146477852e-05
    ],
    "std_X": [
      0.015823982656002045,
      0.407291442155838,
      0.018889883533120155,
      0.0006274075713008642,
      0.018481621518731117,
      0.010687369853258133,
      0.057368550449609756,
      0.06258805096149445,
      0.0535801500082016,
      9.99999993922529e-09,
      0.015755265951156616,
      0.0043434579856693745,
      9.588905231794342e-05,
      6.901932647451758e-05,
      3.6733137676492333e-05
    ],
    "mean_y": [
      4.792194843292236
    ],
    "std_y": [
      3.0204195976257324
    ]
  }
}