{
  "n_in": 3,
  "n_out": 1,
  "hidden": 64,
  "n_layers": 2,
  "fc_hidden": 32,
  "dropout": 0.2,
  "window_len": 100,
  "window_s": 1.0,
  "loop_hz": 100,
  "input_cols": [
    "tau_res1_Nm",
    "tau_res2_Nm",
    "tau_res3_Nm"
  ],
  "target_cols": [
    "f_push_N"
  ],
  "feat_mode": "res3",
  "target_mode": "1d",
  "norm": {
    "mean_X": [
      0.005672423169016838,
      -0.5293318033218384,
      -0.06780440360307693
    ],
    "std_X": [
      0.01581539399921894,
      0.4172251224517822,
      0.018940245732665062
    ],
    "mean_y": [
      4.792194843292236
    ],
    "std_y": [
      3.0204195976257324
    ]
  }
}