{
  "n_in": 9,
  "n_out": 1,
  "hidden": 64,
  "n_layers": 2,
  "fc_hidden": 32,
  "dropout": 0.2,
  "window_len": 100,
  "window_s": 1.0,
  "loop_hz": 100,
  "input_cols": [
    "tau_meas1_Nm",
    "tau_meas2_Nm",
    "tau_meas3_Nm",
    "q1_rad",
    "q2_rad",
    "q3_rad",
    "qdot1_rad_s",
    "qdot2_rad_s",
    "qdot3_rad_s"
  ],
  "target_cols": [
    "f_push_N"
  ],
  "feat_mode": "raw",
  "target_mode": "1d",
  "norm": {
    "mean_X": [
      0.00569405872374773,
      0.6900896430015564,
      0.29897868633270264,
      0.0006367404130287468,
      0.8078758120536804,
      -0.7643213272094727,
      0.004723797552287579,
      0.004491335246711969,
      -0.005464563146233559
    ],
    "std_X": [
      0.015823982656002045,
      0.407291442155838,
      0.018889883533120155,
      0.0006274075713008642,
      0.018481621518731117,
      0.010687369853258133,
      0.057368550449609756,
      0.06258805096149445,
      0.0535801500082016
    ],
    "mean_y": [
      4.792194843292236
    ],
    "std_y": [
      3.0204195976257324
    ]
  }
}