{
  "n_in": 3,
  "n_out": 1,
  "hidden": 64,
  "n_layers": 2,
  "fc_hidden": 32,
  "dropout": 0.2,
  "window_len": 300,
  "window_s": 3.0,
  "loop_hz": 100,
  "input_cols": [
    "tau_res1_Nm",
    "tau_res2_Nm",
    "tau_res3_Nm"
  ],
  "target_cols": [
    "f_push_N"
  ],
  "feat_mode": "res3",
  "target_mode": "1d",
  "norm": {
    "mean_X": [
      0.02429809235036373,
      -0.9721076488494873,
      -0.05585769563913345
    ],
    "std_X": [
      0.029848501086235046,
      0.5533877015113831,
      0.018674425780773163
    ],
    "mean_y": [
      8.694876670837402
    ],
    "std_y": [
      4.1477437019348145
    ]
  }
}