{
  "n_in": 9,
  "n_out": 1,
  "hidden": 64,
  "n_layers": 2,
  "fc_hidden": 32,
  "dropout": 0.2,
  "window_len": 300,
  "window_s": 3.0,
  "loop_hz": 100,
  "input_cols": [
    "tau_res1_Nm",
    "tau_res2_Nm",
    "tau_res3_Nm",
    "q1_rad",
    "q2_rad",
    "q3_rad",
    "qdot1_rad_s",
    "qdot2_rad_s",
    "qdot3_rad_s"
  ],
  "target_cols": [
    "f_push_N"
  ],
  "feat_mode": "res",
  "target_mode": "1d",
  "norm": {
    "mean_X": [
      0.02429809235036373,
      -0.9721076488494873,
      -0.05585769563913345,
      -0.0022862092591822147,
      0.843070387840271,
      -0.8370320200920105,
      0.004826607182621956,
      0.0049479808658361435,
      -0.004692316986620426
    ],
    "std_X": [
      0.029848501086235046,
      0.5533877015113831,
      0.018674425780773163,
      0.004118924029171467,
      0.06658074259757996,
      0.063796766102314,
      0.0611092746257782,
      0.055453117936849594,
      0.05522963032126427
    ],
    "mean_y": [
      8.694876670837402
    ],
    "std_y": [
      4.1477437019348145
    ]
  }
}