{
  "n_in": 15,
  "n_out": 1,
  "hidden": 64,
  "n_layers": 2,
  "fc_hidden": 32,
  "dropout": 0.2,
  "window_len": 300,
  "window_s": 3.0,
  "loop_hz": 100,
  "input_cols": [
    "tau_meas1_Nm",
    "tau_meas2_Nm",
    "tau_meas3_Nm",
    "q1_rad",
    "q2_rad",
    "q3_rad",
    "qdot1_rad_s",
    "qdot2_rad_s",
    "qdot3_rad_s",
    "G1_Nm",
    "G2_Nm",
    "G3_Nm",
    "Cqdot1_Nm",
    "Cqdot2_Nm",
    "Cqdot3_Nm"
  ],
  "target_cols": [
    "f_push_N"
  ],
  "feat_mode": "phys",
  "target_mode": "1d",
  "norm": {
    "mean_X": [
      0.02430053800344467,
      0.26728135347366333,
      0.3027009665966034,
      -0.0022862092591822147,
      0.843070387840271,
      -0.8370320200920105,
      0.004826607182621956,
      0.0049479808658361435,
      -0.004692316986620426,
      0.0,
      1.1613938808441162,
      0.33276253938674927,
      -1.4632078091381118e-06,
      6.061967360437848e-05,
      -1.2114763194404077e-05
    ],
    "std_X": [
      0.029869770631194115,
      0.5429756045341492,
      0.020775308832526207,
      0.004118924029171467,
      0.06658074259757996,
      0.063796766102314,
      0.0611092746257782,
      0.055453117936849594,
      0.05522963032126427,
      9.99999993922529e-09,
      0.07550423592329025,
      0.032729290425777435,
      8.812984742689878e-05,
      7.638217357452959e-05,
      1.846898885560222e-05
    ],
    "mean_y": [
      8.694876670837402
    ],
    "std_y": [
      4.1477437019348145
    ]
  }
}