{
  "model_tag": "res3_1d",
  "eval_csv": "train_phaseB_20260629_101605.csv",
  "n_rows": 11999,
  "n_valid": 11900,
  "window_len": 100,
  "metrics": {
    "f_push_N": {
      "mae_N": 1.638027548789978,
      "rmse_N": 1.7929753065109253,
      "r2": 0.8535335063934326,
      "lag_ms": 0.0,
      "max_err_N": 3.0506343841552734
    }
  }
}