{
  "model_tag": "raw_1d",
  "eval_csv": "train_phaseB_20260629_101605.csv",
  "n_rows": 11999,
  "n_valid": 11900,
  "window_len": 100,
  "metrics": {
    "f_push_N": {
      "mae_N": 1.828822374343872,
      "rmse_N": 2.0697600841522217,
      "r2": 0.8048225045204163,
      "lag_ms": 0.0,
      "max_err_N": 3.565530776977539
    }
  }
}