{
  "model_tag": "res_1d",
  "eval_csv": "train_phaseB_20260702_055246.csv",
  "n_rows": 5312,
  "n_valid": 5213,
  "window_len": 100,
  "metrics": {
    "f_push_N": {
      "mae_N": 0.9339582324028015,
      "rmse_N": 1.046162486076355,
      "r2": 0.8528522849082947,
      "lag_ms": 0.0,
      "max_err_N": 2.9541702270507812
    }
  }
}