{
  "model_tag": "raw_1d",
  "eval_csv": "train_phaseB_20260702_055246.csv",
  "n_rows": 5312,
  "n_valid": 5213,
  "window_len": 100,
  "metrics": {
    "f_push_N": {
      "mae_N": 0.9715462327003479,
      "rmse_N": 1.0812864303588867,
      "r2": 0.8428056836128235,
      "lag_ms": 0.0,
      "max_err_N": 3.0577473640441895
    }
  }
}