{
  "n_in": 15,
  "n_out": 1,
  "hidden": 64,
  "n_layers": 2,
  "fc_hidden": 32,
  "dropout": 0.2,
  "window_len": 300,
  "window_s": 3.0,
  "loop_hz": 100,
  "input_cols": [
    "tau_meas1_Nm",
    "tau_meas2_Nm",
    "tau_meas3_Nm",
    "q1_rad",
    "q2_rad",
    "q3_rad",
    "qdot1_rad_s",
    "qdot2_rad_s",
    "qdot3_rad_s",
    "G1_Nm",
    "G2_Nm",
    "G3_Nm",
    "Cqdot1_Nm",
    "Cqdot2_Nm",
    "Cqdot3_Nm"
  ],
  "target_cols": [
    "f_push_N"
  ],
  "feat_mode": "phys",
  "target_mode": "1d",
  "norm": {
    "mean_X": [
      0.058944251388311386,
      0.18268965184688568,
      0.3121066093444824,
      -0.008012657053768635,
      0.7793673276901245,
      -0.7741260528564453,
      0.0044016167521476746,
      0.005821643862873316,
      -0.005877826828509569,
      0.0,
      1.2394797801971436,
      0.3729560375213623,
      -1.1255042409175076e-06,
      6.053342076484114e-05,
      -1.2960524145455565e-05
    ],
    "std_X": [
      0.018633345142006874,
      0.6072656512260437,
      0.020454619079828262,
      0.0015508165815845132,
      0.017944877967238426,
      0.006728508975356817,
      0.06207793205976486,
      0.057390257716178894,
      0.05607875809073448,
      9.99999993922529e-09,
      0.016161730512976646,
      0.0056868609972298145,
      9.217923070536926e-05,
      7.804420602042228e-05,
      1.93248506548116e-05
    ],
    "mean_y": [
      9.369438171386719
    ],
    "std_y": [
      5.339962959289551
    ]
  }
}