{
  "n_in": 9,
  "n_out": 1,
  "hidden": 64,
  "n_layers": 2,
  "fc_hidden": 32,
  "dropout": 0.2,
  "window_len": 300,
  "window_s": 3.0,
  "loop_hz": 100,
  "input_cols": [
    "tau_res1_Nm",
    "tau_res2_Nm",
    "tau_res3_Nm",
    "q1_rad",
    "q2_rad",
    "q3_rad",
    "qdot1_rad_s",
    "qdot2_rad_s",
    "qdot3_rad_s"
  ],
  "target_cols": [
    "f_push_N"
  ],
  "feat_mode": "res",
  "target_mode": "1d",
  "norm": {
    "mean_X": [
      0.05893169716000557,
      -1.051315188407898,
      -0.0548584870994091,
      -0.008012657053768635,
      0.7793673276901245,
      -0.7741260528564453,
      0.0044016167521476746,
      0.005821643862873316,
      -0.005877826828509569
    ],
    "std_X": [
      0.01862950809299946,
      0.621685802936554,
      0.020415734499692917,
      0.0015508165815845132,
      0.017944877967238426,
      0.006728508975356817,
      0.06207793205976486,
      0.057390257716178894,
      0.05607875809073448
    ],
    "mean_y": [
      9.369438171386719
    ],
    "std_y": [
      5.339962959289551
    ]
  }
}