{
  "n_in": 3,
  "n_out": 1,
  "hidden": 64,
  "n_layers": 2,
  "fc_hidden": 32,
  "dropout": 0.2,
  "window_len": 300,
  "window_s": 3.0,
  "loop_hz": 100,
  "input_cols": [
    "tau_res1_Nm",
    "tau_res2_Nm",
    "tau_res3_Nm"
  ],
  "target_cols": [
    "f_push_N"
  ],
  "feat_mode": "res3",
  "target_mode": "1d",
  "norm": {
    "mean_X": [
      0.05893169716000557,
      -1.051315188407898,
      -0.0548584870994091
    ],
    "std_X": [
      0.01862950809299946,
      0.621685802936554,
      0.020415734499692917
    ],
    "mean_y": [
      9.369438171386719
    ],
    "std_y": [
      5.339962959289551
    ]
  }
}