{
  "parameters": {
    "m1": 0.0,
    "h x1": 0.0,
    "h y1": 0.0,
    "h z1": 0.0,
    "Lxx1": 0.0,
    "Lyy1": 0.0,
    "Lzz1": 0.017976625045607403,
    "Lxy1": 0.0,
    "Lxz1": 0.0,
    "Lyz1": 0.0,
    "m2": 0.0,
    "h x2": -0.11927950815119448,
    "h y2": 0.010688354194094599,
    "h z2": 0.0,
    "Lxx2": 0.0,
    "Lyy2": 0.015569209358247,
    "Lzz2": 0.0254939835403325,
    "Lxy2": -0.007134822349817374,
    "Lxz2": -0.009854369115243513,
    "Lyz2": 0.011635527946077777,
    "m3": 0.0,
    "h x3": -0.03364777417265241,
    "h y3": 0.010032212173015252,
    "h z3": 0.0,
    "Lxx3": 0.0,
    "Lyy3": -0.01729828544801714,
    "Lzz3": 0.007537889610985502,
    "Lxy3": 0.002140157895281115,
    "Lxz3": -0.007019344796516739,
    "Lyz3": -0.011216707779760363,
    "Fv1": 0.037886150900506066,
    "Fc1": 0.07906810463282694,
    "Fv2": 0.024809549756418102,
    "Fc2": 0.14386131597934726,
    "Fv3": 0.03315599335387947,
    "Fc3": 0.06611905485878838
  },
  "base_parameter_indices": [
    6,
    11,
    12,
    15,
    16,
    17,
    18,
    19,
    21,
    22,
    25,
    26,
    27,
    28,
    29,
    30,
    31,
    32,
    33,
    34,
    35
  ],
  "base_parameter_names": [
    "Lzz1",
    "h x2",
    "h y2",
    "Lyy2",
    "Lzz2",
    "Lxy2",
    "Lxz2",
    "Lyz2",
    "h x3",
    "h y3",
    "Lyy3",
    "Lzz3",
    "Lxy3",
    "Lxz3",
    "Lyz3",
    "Fv1",
    "Fc1",
    "Fv2",
    "Fc2",
    "Fv3",
    "Fc3"
  ],
  "regressor_condition_number": 114.93299592832913,
  "train_R2_per_joint": [
    0.5249474751286962,
    0.9638722183236491,
    0.945710231777361
  ],
  "train_RMS_per_joint": [
    0.08733432707114751,
    0.0748597273279385,
    0.042497970834736526
  ]
}