{
  "model_tag": "res3_1d",
  "eval_csv": "train_phaseB_20260629_101605.csv",
  "n_rows": 11999,
  "n_valid": 11700,
  "window_len": 300,
  "metrics": {
    "f_push_N": {
      "mae_N": 2.3577136993408203,
      "rmse_N": 2.609132766723633,
      "r2": 0.6895442008972168,
      "lag_ms": 20.0,
      "max_err_N": 4.518139362335205
    }
  }
}