{
  "model_tag": "raw_1d",
  "eval_csv": "train_phaseB_20260629_101605.csv",
  "n_rows": 11999,
  "n_valid": 11700,
  "window_len": 300,
  "metrics": {
    "f_push_N": {
      "mae_N": 2.5981388092041016,
      "rmse_N": 3.041152000427246,
      "r2": 0.5782223343849182,
      "lag_ms": 0.0,
      "max_err_N": 5.722963809967041
    }
  }
}