{
  "n_in": 3,
  "n_out": 1,
  "hidden": 64,
  "n_layers": 2,
  "fc_hidden": 32,
  "dropout": 0.2,
  "window_len": 100,
  "window_s": 1.0,
  "loop_hz": 100,
  "input_cols": [
    "tau_res1_Nm",
    "tau_res2_Nm",
    "tau_res3_Nm"
  ],
  "target_cols": [
    "f_push_N"
  ],
  "feat_mode": "res3",
  "target_mode": "1d",
  "norm": {
    "mean_X": [
      0.020943691954016685,
      -0.37883180379867554,
      -0.06652125716209412
    ],
    "std_X": [
      0.024554863572120667,
      0.4741564393043518,
      0.07815178483724594
    ],
    "mean_y": [
      3.41325044631958
    ],
    "std_y": [
      3.671544313430786
    ]
  }
}