{
  "n_in": 9,
  "n_out": 1,
  "hidden": 64,
  "n_layers": 2,
  "fc_hidden": 32,
  "dropout": 0.2,
  "window_len": 100,
  "window_s": 1.0,
  "loop_hz": 100,
  "input_cols": [
    "tau_meas1_Nm",
    "tau_meas2_Nm",
    "tau_meas3_Nm",
    "q1_rad",
    "q2_rad",
    "q3_rad",
    "qdot1_rad_s",
    "qdot2_rad_s",
    "qdot3_rad_s"
  ],
  "target_cols": [
    "f_push_N"
  ],
  "feat_mode": "raw",
  "target_mode": "1d",
  "norm": {
    "mean_X": [
      0.020949365571141243,
      0.70259028673172,
      0.300650417804718,
      -0.0011409709695726633,
      0.9122931361198425,
      -0.9415256977081299,
      0.004868168383836746,
      0.00921708345413208,
      -0.009769785217940807
    ],
    "std_X": [
      0.024539904668927193,
      0.38806840777397156,
      0.07789845019578934,
      0.002176392823457718,
      0.2178441435098648,
      0.2816413640975952,
      0.05910200625658035,
      0.23713776469230652,
      0.267255574464798
    ],
    "mean_y": [
      3.41325044631958
    ],
    "std_y": [
      3.671544313430786
    ]
  }
}